First Name,Sex,Phone,Job Title
Shelby,Male,001-084-906-7849x73518,Games developer
Phillip,Female,214.112.6044x4913,Phytotherapist
Kristine,Male,277.609.7938,Homeopath
Yesenia,Male,584.094.6111,Market researcher
Lori,Male,689-207-3558x7233,Veterinary surgeon
Erin,Male,001-171-649-9856x5553,Waste management officer
Katherine,Female,+1-773-151-6685x49162,Intelligence analyst
Ricardo,Male,001-447-699-7998x88612,Hydrogeologist
Dave,Male,603-428-2429x27392,Lawyer
Isaiah,Male,+1-511-372-1544x8206,"Engineer, site"
Sheila,Female,895.881.4746,Advertising account executive
Stacy,Male,710.673.3213x80335,Warden/ranger
Mandy,Male,(992)466-1305x4947,"Scientist, clinical (histocompatibility and immunogenetics)"
Bridget,Female,(216)627-8359,Social worker
Crystal,Male,+1-024-377-5391,Agricultural consultant
Thomas,Female,+1-360-880-0766,Sport and exercise psychologist
Maurice,Male,(246)187-4969,Secretary/administrator
Frank,Male,429.965.3902x4447,Audiological scientist
Alvin,Male,219.436.0887x07551,"Teacher, adult education"
Jared,Female,+1-958-849-6781,Paediatric nurse
Jacqueline,Female,819.309.7679x59173,"Scientist, marine"
Colleen,Female,638.584.1090,Commercial horticulturist
Randy,Male,001-960-629-7164x67214,Outdoor activities/education manager
Janice,Female,001-249-314-9742x6996,Drilling engineer
Alfred,Female,(468)276-9509x53058,Systems analyst
Sean,Male,4915828504,"Conservation officer, nature"
Louis,Male,6232695307,Counsellor
Brittney,Female,945-739-8686,Recycling officer
Judy,Male,001-654-208-1241x52830,Art gallery manager
Norman,Male,223.002.0429,Gaffer
Isaiah,Female,001-536-544-3367,Food technologist
Jacqueline,Male,(247)762-8934,Building services engineer
Bonnie,Female,+1-253-987-2776x9161,Seismic interpreter
Brandon,Female,+1-386-673-1465x006,"Engineer, biomedical"
Jackson,Female,(137)908-3129x65035,Set designer
Melody,Male,(826)792-7381,Research scientist (life sciences)
Leonard,Male,941-038-0427x38800,"Accountant, chartered management"
Gene,Female,+1-356-818-6604x89537,"Surveyor, quantity"
Cynthia,Female,(110)858-2437x70190,Outdoor activities/education manager
Tanya,Female,(830)774-9002x086,Information systems manager
Matthew,Female,952-381-6360,"Scientist, clinical (histocompatibility and immunogenetics)"
Kirk,Female,001-826-496-5529x8661,Accounting technician
Willie,Female,741.168.6854x067,Management consultant
Miguel,Female,5247842945,Make
Darren,Male,(975)799-4261,Retail banker
Haley,Female,(746)182-6137x2453,Commissioning editor
Danielle,Female,(890)374-9518x772,"Accountant, chartered management"
Becky,Male,(390)002-0863,Seismic interpreter
Caitlyn,Male,805-021-3965x46344,Jewellery designer
Joshua,Male,875.994.2100x535,"Education officer, museum"
Heidi,Female,601-155-3065x1131,Estate manager/land agent
Brian,Female,952-283-1423x733,Physiotherapist
Beverly,Female,+1-327-578-8754x6771,Passenger transport manager
Nathaniel,Female,(655)887-2040x37888,Call centre manager
Debra,Female,001-731-525-8400x52593,Special educational needs teacher
Mackenzie,Female,4225525458,Museum/gallery exhibitions officer
Courtney,Female,210.683.2761x5883,Pension scheme manager
Fred,Female,497-774-3053,Archaeologist
Ryan,Female,956.330.2951,Historic buildings inspector/conservation officer
Grace,Male,(034)867-8827x6777,Petroleum engineer
Shari,Male,001-951-655-4798x6124,Curator
Kelli,Male,995.000.4213x0982,Retail banker
Jackie,Male,001-740-937-0846x0087,Neurosurgeon
Leslie,Female,795.782.4384x555,Chiropractor
Harold,Female,+1-026-265-6392,"Biochemist, clinical"
Larry,Male,+1-244-630-3792x4121,"Scientist, water quality"
Mike,Female,116-729-5046,Hydrologist
Brittney,Female,593.976.2528,"Biochemist, clinical"
Frank,Male,(035)961-5060x9182,Hospital pharmacist
Sandra,Male,+1-096-606-6454x067,Warehouse manager
Ryan,Male,+1-695-557-9948x485,Physiological scientist
Tamara,Male,017.665.3744x7944,English as a second language teacher
Jean,Female,(954)060-1066,Financial trader
Veronica,Female,+1-521-589-2387x48490,Structural engineer
Kim,Female,7677125383,"Biochemist, clinical"
Tina,Male,079-907-5051,Race relations officer
Jonathon,Male,874-037-2032x932,"Psychologist, forensic"
Jermaine,Female,(742)214-8691,Newspaper journalist
Regina,Male,891-359-2684,Public house manager
Terrence,Male,221.800.6408x5416,Careers information officer
Tyler,Female,001-386-469-3075x8030,Economist
Andrew,Male,+1-376-865-2765x3351,Jewellery designer
Reginald,Male,+1-832-500-6044x475,Contracting civil engineer
Douglas,Female,001-834-660-8312x9864,Higher education lecturer
Helen,Female,001-377-726-4229,"Lecturer, further education"
Mario,Male,160-144-5039x12276,Research scientist (life sciences)
Chelsea,Male,001-698-651-0138x18588,"Teacher, early years/pre"
Dustin,Male,+1-965-621-1157x345,Travel agency manager
Harry,Female,+1-451-099-5805,Technical sales engineer
Kathy,Female,(164)105-8456,Charity fundraiser
Alison,Female,3506680871,Patent attorney
Jamie,Female,(900)803-9295x11533,"Conservator, furniture"
Melody,Female,(626)520-5080x3511,Dance movement psychotherapist
Xavier,Male,8164259975,Financial planner
Dillon,Female,971-992-4521,Air broker
Dennis,Female,001-095-524-2112x257,Software engineer
Steve,Female,001-865-478-5157,Barrister
Wesley,Male,995-542-3004x76800,Police officer
Summer,Female,001-273-685-6932x092,Broadcast journalist
Mariah,Male,(341)594-6554x44657,IT sales professional
