index,Name,Country
1,Name_1,Country_1
2,Name_2,Country_2
3,Name_3,Country_3
4,Name_4,Country_4
5,Name_5,Country_5
6,Name_6,Country_6
7,Name_7,Country_7
8,Name_8,Country_8
9,Name_9,Country_9
10,Name_10,Country_0
11,Name_11,Country_1
12,Name_12,Country_2
13,Name_13,Country_3
14,Name_14,Country_4
15,Name_15,Country_5
16,Name_16,Country_6
17,Name_17,Country_7
18,Name_18,Country_8
19,Name_19,Country_9
20,Name_20,Country_0
21,Name_21,Country_1
22,Name_22,Country_2
23,Name_23,Country_3
24,Name_24,Country_4
25,Name_25,Country_5
26,Name_26,
27,Name_27,Country_7
28,Name_28,Country_8
29,Name_29,Country_9
30,Name_30,Country_0
31,Name_31,Country_1
32,Name_32,Country_2
33,Name_33,Country_3
34,Name_34,Country_4
35,Name_35,Country_5
36,Name_36,Country_6
37,Name_37,Country_7
38,Name_38,Country_8
39,Name_39,Country_9
40,Name_40,Country_0
41,Name_41,Country_1
42,Name_42,Country_2
43,Name_43,Country_3
44,Name_44,Country_4
45,Name_45,Country_5
46,Name_46,Country_6
47,Name_47,Country_7
48,Name_48,Country_8
49,Name_49,Country_9
50,Name_50,Country_0
51,Name_51,Country_1
52,Name_52,Country_2
53,Name_53,Country_3
54,Name_54,Country_4
55,Name_55,Country_5
56,Name_56,Country_6
57,Name_57,Country_7
58,Name_58,Country_8
59,Name_59,Country_9
60,Name_60,Country_0
61,Name_61,Country_1
62,Name_62,Country_2
63,,Country_3
64,Name_64,Country_4
65,Name_65,Country_5
66,Name_66,Country_6
67,Name_67,Country_7
68,Name_68,Country_8
69,Name_69,Country_9
70,Name_70,Country_0
71,Name_71,Country_1
72,Name_72,Country_2
73,Name_73,Country_3
74,Name_74,Country_4
75,Name_75,Country_5
76,Name_76,Country_6
77,Name_77,Country_7
78,Name_78,Country_8
79,Name_79,Country_9
80,Name_80,Country_0
81,Name_81,Country_1
82,Name_82,Country_2
83,Name_83,Country_3
84,Name_84,Country_4
85,Name_85,Country_5
86,Name_86,Country_6
87,Name_87,Country_7
88,Name_88,Country_8
89,Name_89,Country_9
90,Name_90,Country_0
91,Name_91,Country_1
92,Name_92,Country_2
93,Name_93,Country_3
94,Name_94,Country_4
95,Name_95,Country_5
96,Name_96,Country_6
97,Name_97,Country_7
98,Name_98,Country_8
99,Name_99,Country_9
100,Name_100,Country_0
