Customer Id,Last Name,City,Phone 1,Email,Website
DD37Cf93aecA6Dc,Baxter,East Leonard,229.077.5154,zunigavanessa@smith.info,http://www.stephenson.com/
1Ef7b82A4CAAD10,Lozano,East Jimmychester,5153435776,vmata@colon.com,http://www.hobbs.com/
6F94879bDAfE5a6,Berry,Isabelborough,+1-539-402-0259,beckycarr@hogan.com,http://www.lawrence.com/
5Cef8BFA16c5e3c,Olsen,Bensonview,001-808-617-6467x12895,stanleyblackwell@benson.org,http://www.good-lyons.com/
053d585Ab6b3159,Bender,West Priscilla,001-234-203-0635x76146,colinalvarado@miles.net,https://goodwin-ingram.com/
2d08FB17EE273F4,Downs,Chavezborough,(283)437-3886x88321,louis27@gilbert.com,http://www.berger.net/
EA4d384DfDbBf77,Peck,Lake Ana,(496)452-6181x3291,tgates@cantrell.com,https://www.le.com/
0e04AFde9f225dE,Mullen,Kimport,001-583-352-7197x297,asnow@colon.com,https://hammond-ramsey.com/
C2dE4dEEc489ae0,Meyers,Robersonstad,854-138-4911x5772,mariokhan@ryan-pope.org,https://www.bullock.net/
8C2811a503C7c5a,Gallagher,Elaineberg,739.218.2516x459,mdyer@escobar.net,https://arias.com/
216E205d6eBb815,Schroeder,Shannonville,637-854-0256x825,kirksalas@webb.com,https://simmons-hurley.com/
CEDec94deE6d69B,Dodson,East Andrea,(041)737-3846,mark42@robbins.com,http://www.douglas.net/
e35426EbDEceaFF,Mata,South Joannamouth,001-949-844-8787,alex56@walls.org,http://www.beck.com/
A08A8aF8BE9FaD4,Cox,Jodyberg,786-284-3358x62152,holdenmiranda@clarke.com,https://www.brandt.com/
6fEaA1b7cab7B6C,Lutz,Burchbury,(781)861-7180x8306,cassieparrish@blevins-chapman.net,http://stevenson.org/
8cad0b4CBceaeec,Beasley,Desireeshire,540.085.3135x185,vduncan@parks-hardy.com,http://acosta.org/
a5DC21AE3a21eaA,Foley,West Adriennestad,936.222.4746x9924,holtgwendolyn@watson-davenport.com,http://www.benson-roth.com/
F8Aa9d6DfcBeeF8,Mata,Lake Leslie,(701)087-2415,jaredjuarez@carroll.org,http://pitts-cherry.com/
F160f5Db3EfE973,Jacobson,Harmonview,001-151-330-3524x0469,joseph26@jacobson.com,https://mcconnell.com/
0F60FF3DdCd7aB0,Kirk,Jamesshire,(266)131-7001x711,tuckerangie@salazar.net,https://www.camacho.net/
9F9AdB7B8A6f7F2,Frye,East Carly,423.262.3059,fgibson@drake-webb.com,http://www.roberts.com/
FBd0Ded4F02a742,Houston,South Alvin,001-274-040-3582x10611,blanchardbob@wallace-shannon.com,https://www.reid-potts.com/
2FB0FAA1d429421,Howard,Brittanyview,1935085151,rsingleton@ryan-cherry.com,http://paul.biz/
010468dAA11382c,Valenzuela,Veronicamouth,354.259.5062x7538,stefanie71@spence.com,https://moreno.biz/
eC1927Ca84E033e,Wilcox,Bryanville,(429)005-9030x11004,mariah88@santos.com,https://www.ramos.com/
09D7D7C8Fe09aea,Moody,Kaitlyntown,674-677-8623,donnamullins@norris-barrett.org,https://www.curry.com/
aBdfcF2c50b0bfD,Poole,Michealshire,(371)987-8576x4720,stacey67@fields.org,https://sanford-wilcox.biz/
b92EBfdF8a3f0E6,Harper,South Marissatown,+1-077-121-1558x0687,jacobkhan@bright.biz,https://callahan.org/
3B5dAAFA41AFa22,Fitzpatrick,Acevedoville,(752)776-3286,wterrell@clark.com,https://meyers.com/
EDA69ca7a6e96a2,Bradshaw,North Harold,+1-472-143-5037x884,qjimenez@boyd.com,http://maynard-ho.com/
64DCcDFaB9DFd4e,Tate,West Samuel,965-108-4406x20714,gfigueroa@boone-zavala.com,http://www.hawkins-ramsey.com/
679c6c83DD872d6,Trujillo,Cunninghamborough,416-338-3758,tapiagreg@beard.info,http://www.daniels-klein.com/
7Ce381e4Afa4ba9,Mejia,Port Annatown,4077245425,coleolson@jennings.net,https://patel-hanson.info/
A09AEc6E3bF70eE,Santana,New Kaitlyn,6303643286,georgeross@miles.org,http://pham.com/
aA9BAFfBc3710fe,Moon,West Marthaburgh,+1-586-217-0359x6317,willistonya@randolph-baker.com,https://spencer-charles.info/
E11dfb2DB8C9f72,Haley,East Teresa,001-276-734-4113x6087,harrisisaiah@jenkins.com,http://evans-simon.com/
889eCf90f68c5Da,Sosa,South Hunter,(661)425-6042,fwolfe@dorsey.com,https://www.fleming-richards.com/
7a1Ee69F4fF4B4D,Gay,South Walter,7208417020,tiffanydavies@harris-mcfarland.org,http://www.lee.org/
dca4f1D0A0fc5c9,Esparza,Poolefurt,559-529-4424,preese@frye-vega.com,http://www.farley.org/
17aD8e2dB3df03D,Garza,West John,001-067-713-6440x158,ann48@miller.com,http://spence.com/
2f79Cd309624Abb,Gentry,West Darius,830.996.8238,tcummings@fitzpatrick-ashley.com,http://www.dorsey.biz/
6e5ad5a5e2bB5Ca,Dunn,North Jimstad,001-710-802-5565,woodwardandres@phelps.com,http://www.butler.com/
7E441b6B228DBcA,Simpson,East Rebekahborough,(344)156-8632x1869,barbarapittman@holder.com,https://gillespie-holder.com/
D3fC11A9C235Dc6,Greer,North Drew,001-336-025-6849x701,bstuart@williamson-mcclure.com,https://fletcher-nielsen.com/
30Dfa48fe5Ede78,Frost,Lake Lindaburgh,(127)081-9339,zkrueger@wolf-chavez.net,http://www.khan.com/
fD780ED8dbEae7B,Montes,Gwendolynview,(897)726-7952,juan80@henson.net,http://ochoa.com/
300A40d3ce24bBA,Guzman,Zimmermanland,975.235.8921x269,bauercrystal@gay.com,https://decker-kline.com/
283DFCD0Dba40aF,Mccall,North Kerriton,445-603-6729,bartlettjenna@zuniga-moss.biz,http://burgess-frank.com/
F4Fc91fEAEad286,Cohen,North Eileenville,741.849.0139x524,mccalltyrone@durham-rose.biz,http://hammond-barron.com/
80F33Fd2AcebF05,Mccann,Port Sergiofort,(530)287-4548x29481,bobhammond@barry.biz,https://www.burton.com/
Aa20BDe68eAb0e9,Hawkins,New Alberttown,+1-323-239-1456x96168,uwarner@steele-arias.com,https://valenzuela.com/
e898eEB1B9FE22b,Crawford,South Jasmine,802-242-7457,xpittman@ritter-carney.net,https://guerrero.org/
faCEF517ae7D8eB,Goodwin,Cowanfort,322.549.7139x70040,vaughanchristy@lara.biz,http://clark.info/
c09952De6Cda8aA,Richard,New Deborah,001-622-948-3641x24810,clinton85@colon-arias.org,https://kim.com/
f3BEf3Be028166f,West,Wallstown,698.303.4267,greenemiranda@zimmerman.com,https://www.mora.com/
C6F2Fc6a7948a4e,Haas,Lake Ellenchester,2239271999,goodmancesar@figueroa.biz,http://may.com/
c8FE57cBBdCDcb2,Maldonado,Lake Whitney,4500370767,yhanson@warner-diaz.org,http://www.bernard.com/
B5acdFC982124F2,Parrish,East Jaredbury,(669)384-8597x8794,howelldarren@house-cohen.com,http://www.parsons-hudson.com/
8c7DdF10798bCC3,Hill,Selenabury,001-171-716-2175x310,ncamacho@boone-simmons.org,http://hayden.com/
C681dDd0cc422f7,Hardy,Huangfort,020.324.2191x2022,kristopher62@oliver.com,http://www.kidd.com/
a940cE42e035F28,Pham,East Pennyshire,846.468.6834x611,mpham@rios-guzman.com,https://www.murphy.com/
9Cf5E6AFE0aeBfd,Harris,Port Jasminborough,423.098.0315x8373,zachary96@mitchell-bryant.org,https://www.ryan.com/
aEcbe5365BbC67D,Jimenez,West Kristine,+1-235-657-1073x6306,kristiwhitney@bernard.com,http://cherry.com/
FCBdfCEAe20A8Dc,Hutchinson,South Julia,981-544-9452,leah85@sutton-terrell.com,https://mitchell.info/
636cBF0835E10ff,Lynch,Helenborough,+1-158-951-4131x53578,levigiles@vincent.com,http://mckay.com/
fF1b6c9E8Fbf1ff,Lambert,Lake Nancy,497.829.9038,fisherlinda@schaefer.net,https://www.vang.com/
2A13F74EAa7DA6c,Cannon,Georgeport,001-215-801-6392x46009,scottcurtis@hurley.biz,http://www.velazquez.net/
a014Ec1b9FccC1E,Alvarado,South Sophiaberg,(585)606-2980x2258,nicholsonnina@montgomery.info,http://odom-massey.com/
421a109cABDf5fa,Dudley,Hartbury,027.846.3705x14184,zvalencia@phelps.com,http://hunter-esparza.com/
CC68FD1D3Bbbf22,Good,Erikaville,6977745822,alex06@galloway.com,http://conway.org/
CBCd2Ac8E3eBDF9,Buck,Nicolasfort,078-900-4760x76668,lee48@manning.com,https://ramsey.org/
Ef859092FbEcC07,Roth,New Jasmineshire,581-440-6539,aharper@maddox-townsend.org,https://www.brooks.com/
F560f2d3cDFb618,Keller,East Summerstad,001-927-965-8550x92406,buckleycory@odonnell.net,https://www.lucero.com/
A3F76Be153Df4a3,Benson,Skinnerport,874.617.5668x69878,angie04@oconnell.com,http://oconnor.com/
D01Af0AF7cBbFeA,Stein,Raystad,001-469-848-0724x4407,zrosario@rojas-hardin.net,http://www.johnston.info/
d40e89dCade7b2F,Riddle,Colinhaven,+1-768-182-6014x14336,shieldskerry@robles.com,http://kaiser.info/
BF6a1f9bd1bf8DE,Zuniga,West Reginald,(050)136-9025,mchandler@cochran-huerta.org,http://www.boyle.com/
FfaeFFbbbf280db,Mcmahon,Lake Sherryborough,5040771311,katrinalane@fitzgerald.com,https://hurst.com/
CbAE1d1e9a8dCb1,Pennington,Port Katherineville,007.155.3406x553,cookejill@powell.com,http://www.hebert.com/
A7F85c1DE4dB87f,Blair,Thomasland,(690)068-4641x51468,elizabethbarr@ewing.com,https://mercado-blevins.com/
D6CEAfb3BDbaa1A,Jennings,Coreybury,629.198.6346,corey75@wiggins.com,https://www.juarez.com/
Ebdb6F6F7c90b69,Mckay,Lake Janiceton,(733)910-9968,chloelester@higgins-wilkinson.com,http://www.owens-mooney.com/
E8E7e8Cfe516ef0,Moreno,East Clinton,(733)833-6754,isaac26@benton-finley.com,http://walls.info/
78C06E9b6B3DF20,Davidson,South Joshuashire,8275702958,justinwalters@jimenez.com,http://www.garner-oliver.com/
03A1E62ADdeb31c,Holt,New Glenda,001-439-242-4986x7918,maurice46@morgan.com,http://www.watson.com/
C6763c99d0bd16D,Cunningham,North Jillianview,128-059-0206x60217,walter83@juarez.org,http://www.reid.info/
ebe77E5Bf9476CE,Woods,Lyonsberg,(636)544-7783x7288,kmercer@wagner.com,http://murray.org/
E4Bbcd8AD81fC5f,Vargas,East Cristinabury,365-273-8144,vcantu@norton.com,http://mason.info/
efeb73245CDf1fF,Kane,Thomasfurt,114-854-1159x555,hilljesse@barrett.info,http://www.duffy-hensley.net/
37Ec4B395641c1E,Flowers,North Joeburgh,679.415.1210,tyrone77@valenzuela.info,http://www.deleon-crosby.com/
5ef6d3eefdD43bE,Chavez,Cassidychester,053-344-3205,elliserica@frank.com,https://www.pugh.com/
98b3aeDcC3B9FF3,Foley,South Dannymouth,+1-822-569-0302,nsteele@sparks.com,https://www.holt-sparks.com/
aAb6AFc7AfD0fF3,Ayers,South Lonnie,404-645-5351x012,dudleyemily@gonzales.biz,http://www.ruiz.com/
54B5B5Fe9F1B6C5,Young,Frankchester,158-687-1764,alan79@gates-mclaughlin.com,https://travis.net/
BE91A0bdcA49Bbc,Douglas,Daisyborough,001-084-845-9524x1777,grayjean@lowery-good.com,https://banks.biz/
cb8E23e48d22Eae,Greer,East Richard,(188)169-1674x58692,hhart@jensen.com,http://hayes-perez.com/
CeD220bdAaCfaDf,Atkinson,New Bradview,+1-846-706-2218,vkemp@ferrell.com,https://novak-allison.com/
28CDbC0dFe4b1Db,Guerra,Ortegaland,+1-753-067-8419x7170,swagner@kane.org,https://www.ross.com/
c23d1D9EE8DEB0A,Farmer,Lake Elijahview,(530)311-9786,mccarthystephen@horn-green.biz,http://watkins.info/
2354a0E336A91A1,Haynes,Judymouth,(753)813-6941,colleen91@faulkner.biz,http://www.hatfield-saunders.net/
